{
  "pythia-1.4b|pythia-410m": {
    "pair": [
      "pythia-1.4b",
      "pythia-410m"
    ],
    "matched": true,
    "n_words": 39784,
    "bits_per_char": {
      "mean": 0.15638348099178168,
      "std": 0.2160894465341963,
      "max": 4.0861373742421465,
      "percentiles": {
        "p50": 0.08450567580340165,
        "p75": 0.20441439747810364,
        "p90": 0.3889130426058548,
        "p95": 0.5544783080794982,
        "p99": 1.017316090640249,
        "p99.9": 1.8457013435731449
      },
      "p99_over_median": 12.038435063308475,
      "p99.9_over_median": 21.841152396284947,
      "frac_over_1bpc": 0.010732957973054494,
      "frac_over_3bpc": 0.00017595013070581138
    },
    "bits_per_token": {
      "mean": 0.6951370951902455,
      "max": 13.864152878522873,
      "percentiles": {
        "p50": 0.3742167465388775,
        "p75": 0.9312770962715149,
        "p90": 1.782206672430039,
        "p95": 2.4642971768975253,
        "p99": 4.271964042186732,
        "p99.9": 7.709586528212012
      },
      "p99_over_median": 11.415747909996103
    },
    "raw_bits_per_word_reference": {
      "mean": 1.002888933354334,
      "percentiles": {
        "p50": 0.4925738349556923,
        "p75": 1.25628063082695,
        "p90": 2.503814232349396,
        "p95": 3.5932360291481005,
        "p99": 7.184452359490096,
        "p99.9": 16.002514243430987
      },
      "p99_over_median": 14.585533882725109
    },
    "histogram_bpc": {
      "bin_edges": [
        0.0,
        0.06810228957070244,
        0.13620457914140488,
        0.20430686871210732,
        0.27240915828280976,
        0.3405114478535122,
        0.40861373742421464,
        0.4767160269949171,
        0.5448183165656195,
        0.6129206061363219,
        0.6810228957070243,
        0.7491251852777269,
        0.8172274748484293,
        0.8853297644191317,
        0.9534320539898342,
        1.0215343435605366,
        1.089636633131239,
        1.1577389227019415,
        1.2258412122726439,
        1.2939435018433463,
        1.3620457914140487,
        1.4301480809847513,
        1.4982503705554537,
        1.5663526601261561,
        1.6344549496968586,
        1.702557239267561,
        1.7706595288382634,
        1.8387618184089658,
        1.9068641079796684,
        1.9749663975503708,
        2.0430686871210733,
        2.1111709766917754,
        2.179273266262478,
        2.2473755558331807,
        2.315477845403883,
        2.3835801349745855,
        2.4516824245452877,
        2.5197847141159904,
        2.5878870036866926,
        2.655989293257395,
        2.7240915828280974,
        2.7921938723988,
        2.8602961619695026,
        2.928398451540205,
        2.9965007411109075,
        3.0646030306816097,
        3.1327053202523123,
        3.2008076098230145,
        3.268909899393717,
        3.3370121889644198,
        3.405114478535122,
        3.4732167681058246,
        3.5413190576765268,
        3.6094213472472294,
        3.6775236368179316,
        3.7456259263886342,
        3.813728215959337,
        3.881830505530039,
        3.9499327951007417,
        4.018035084671444,
        4.0861373742421465
      ],
      "counts": [
        17653,
        7625,
        4552,
        2962,
        1991,
        1359,
        924,
        645,
        507,
        384,
        246,
        188,
        144,
        125,
        88,
        68,
        60,
        45,
        36,
        32,
        24,
        17,
        19,
        14,
        15,
        12,
        7,
        6,
        6,
        7,
        2,
        3,
        2,
        1,
        1,
        1,
        2,
        1,
        0,
        0,
        1,
        0,
        0,
        2,
        0,
        0,
        0,
        0,
        0,
        0,
        1,
        0,
        0,
        1,
        1,
        1,
        1,
        0,
        1,
        1
      ]
    }
  },
  "gpt2|pythia-1.4b": {
    "pair": [
      "gpt2",
      "pythia-1.4b"
    ],
    "matched": false,
    "n_words": 39784,
    "bits_per_char": {
      "mean": 0.5852921628593638,
      "std": 1.1194268594752332,
      "max": 25.26272026639672,
      "percentiles": {
        "p50": 0.2513672779908423,
        "p75": 0.6028482150286436,
        "p90": 1.3579072117805506,
        "p95": 2.291926024438192,
        "p99": 5.439048814893917,
        "p99.9": 12.346101507517037
      },
      "p99_over_median": 21.63785540571462,
      "p99.9_over_median": 49.115786295648334,
      "frac_over_1bpc": 0.143675849587774,
      "frac_over_3bpc": 0.03287753870902876
    },
    "bits_per_token": {
      "mean": 2.0448930724964156,
      "max": 44.451904927690826,
      "percentiles": {
        "p50": 1.131997674703598,
        "p75": 2.705296203494072,
        "p90": 5.165561161935329,
        "p95": 7.212521236387935,
        "p99": 12.336505167940599,
        "p99.9": 19.98909950194595
      },
      "p99_over_median": 10.897995149301686
    },
    "raw_bits_per_word_reference": {
      "mean": 4.176650947331526,
      "percentiles": {
        "p50": 1.4067299899943464,
        "p75": 3.8558231676579453,
        "p90": 9.976683420237352,
        "p95": 18.009903240225842,
        "p99": 42.77396895154379,
        "p99.9": 111.7398091348685
      },
      "p99_over_median": 30.40666599545212
    },
    "histogram_bpc": {
      "bin_edges": [
        0.0,
        0.4210453377732787,
        0.8420906755465574,
        1.2631360133198362,
        1.6841813510931147,
        2.1052266888663933,
        2.5262720266396723,
        2.947317364412951,
        3.3683627021862295,
        3.789408039959508,
        4.210453377732787,
        4.631498715506066,
        5.052544053279345,
        5.473589391052623,
        5.894634728825902,
        6.31568006659918,
        6.736725404372459,
        7.157770742145738,
        7.578816079919016,
        7.999861417692295,
        8.420906755465573,
        8.841952093238852,
        9.262997431012131,
        9.68404276878541,
        10.10508810655869,
        10.526133444331967,
        10.947178782105246,
        11.368224119878525,
        11.789269457651804,
        12.210314795425083,
        12.63136013319836,
        13.052405470971639,
        13.473450808744918,
        13.894496146518197,
        14.315541484291476,
        14.736586822064753,
        15.157632159838032,
        15.578677497611311,
        15.99972283538459,
        16.420768173157867,
        16.841813510931146,
        17.262858848704425,
        17.683904186477704,
        18.104949524250983,
        18.525994862024262,
        18.94704019979754,
        19.36808553757082,
        19.7891308753441,
        20.21017621311738,
        20.631221550890654,
        21.052266888663933,
        21.473312226437212,
        21.89435756421049,
        22.31540290198377,
        22.73644823975705,
        23.157493577530328,
        23.578538915303607,
        23.999584253076886,
        24.420629590850165,
        24.84167492862344,
        25.26272026639672
      ],
      "counts": [
        25889,
        6943,
        2599,
        1272,
        831,
        568,
        342,
        278,
        196,
        167,
        130,
        108,
        66,
        64,
        47,
        39,
        31,
        22,
        35,
        25,
        14,
        15,
        6,
        10,
        9,
        6,
        13,
        8,
        6,
        10,
        3,
        6,
        4,
        3,
        1,
        2,
        1,
        3,
        2,
        2,
        0,
        0,
        0,
        1,
        3,
        1,
        0,
        1,
        0,
        0,
        0,
        1,
        0,
        0,
        0,
        0,
        0,
        0,
        0,
        1
      ]
    }
  },
  "gpt2|qwen2.5-0.5b": {
    "pair": [
      "gpt2",
      "qwen2.5-0.5b"
    ],
    "matched": false,
    "n_words": 39784,
    "bits_per_char": {
      "mean": 0.523451039705616,
      "std": 1.0605034846670662,