{
  "pythia-1.4b|pythia-410m": {
    "Pile-CC": {
      "mean_bpc": 0.183687560117432,
      "p90_bpc": 0.4211720069415039,
      "p99_bpc": 1.1445102268457403,
      "n": 8044
    },
    "StackExchange": {
      "mean_bpc": 0.17119407853252086,
      "p90_bpc": 0.4210188349088035,
      "p99_bpc": 1.0002549418914868,
      "n": 5967
    },
    "Wikipedia (en)": {
      "mean_bpc": 0.1689156371140128,
      "p90_bpc": 0.4205880618908189,
      "p99_bpc": 1.0589940285310158,
      "n": 7271
    },
    "ArXiv": {
      "mean_bpc": 0.1561138829787729,
      "p90_bpc": 0.37091163476308187,
      "p99_bpc": 0.9919338410105534,
      "n": 7124
    },
    "PubMed Central": {
      "mean_bpc": 0.1383070420846333,
      "p90_bpc": 0.336285617351532,
      "p99_bpc": 0.848632024015699,
      "n": 7165
    },
    "Github": {
      "mean_bpc": 0.09284399507612252,
      "p90_bpc": 0.28820395274531274,
      "p99_bpc": 1.0545035560925802,
      "n": 4213
    }
  },
  "gpt2|pythia-1.4b": {
    "Github": {
      "mean_bpc": 1.202785814051286,
      "p90_bpc": 3.378321813288494,
      "p99_bpc": 12.070459764337432,
      "n": 4213
    },
    "StackExchange": {
      "mean_bpc": 0.6921838352714834,
      "p90_bpc": 1.6185157980810374,
      "p99_bpc": 6.256216591023549,
      "n": 5967
    },
    "ArXiv": {
      "mean_bpc": 0.6887882765497366,
      "p90_bpc": 1.7630632836803901,
      "p99_bpc": 4.574916051030158,
      "n": 7124
    },
    "Wikipedia (en)": {
      "mean_bpc": 0.47700759499629825,
      "p90_bpc": 1.1149755318959553,
      "p99_bpc": 3.739088286242139,
      "n": 7271
    },
    "PubMed Central": {
      "mean_bpc": 0.4461309858879662,
      "p90_bpc": 1.0001214437280235,
      "p99_bpc": 3.909485355781178,
      "n": 7165
    },
    "Pile-CC": {
      "mean_bpc": 0.31276571460569746,
      "p90_bpc": 0.7100657999515533,
      "p99_bpc": 2.138434762837631,
      "n": 8044
    }
  },
  "gpt2|qwen2.5-0.5b": {
    "Github": {
      "mean_bpc": 1.1194734478102553,
      "p90_bpc": 3.1233384660823518,
      "p99_bpc": 11.592101368002913,
      "n": 4213
    },
    "StackExchange": {
      "mean_bpc": 0.6676385533393163,
      "p90_bpc": 1.5501948191047055,
      "p99_bpc": 5.895799688909752,
      "n": 5967
    },
    "ArXiv": {
      "mean_bpc": 0.6283502955127066,
      "p90_bpc": 1.52836002856493,
      "p99_bpc": 4.334427121281615,
      "n": 7124
    },
    "PubMed Central": {
      "mean_bpc": 0.3870171620391859,
      "p90_bpc": 0.8151841831393545,
      "p99_bpc": 3.4617245888297346,
      "n": 7165
    },
    "Wikipedia (en)": {
      "mean_bpc": 0.357015896477208,
      "p90_bpc": 0.780661639617756,
      "p99_bpc": 2.823790699839594,
      "n": 7271
    },
    "Pile-CC": {
      "mean_bpc": 0.283394732187824,
      "p90_bpc": 0.6296162843704223,
      "p99_bpc": 1.935590353692008,
      "n": 8044
    }
  },
  "pythia-1.4b|qwen2.5-0.5b": {
    "Wikipedia (en)": {
      "mean_bpc": 0.2547014049506603,
      "p90_bpc": 0.6135500222444534,
      "p99_bpc": 2.0724018618231677,
      "n": 7271
    },
    "Pile-CC": {
      "mean_bpc": 0.21319481926660563,
      "p90_bpc": 0.4949344586758386,
      "p99_bpc": 1.5276263270620207,
      "n": 8044
    },
    "StackExchange": {
      "mean_bpc": 0.18721671003971216,
      "p90_bpc": 0.429724478721619,
      "p99_bpc": 1.3100963471333218,
      "n": 5967
    },
    "ArXiv": {
      "mean_bpc": 0.1862208642960542,
      "p90_bpc": 0.4528801022446713,
      "p99_bpc": 1.264469862853472,
      "n": 7124
    },
    "Github": {
      "mean_bpc": 0.18256635850489136,
      "p90_bpc": 0.5433590230493193,
      "p99_bpc": 2.2106597891886404,
      "n": 4213
    },
    "PubMed Central": {
      "mean_bpc": 0.1644293749179594,
      "p90_bpc": 0.39443375482667414,
      "p99_bpc": 1.1092942317326848,
      "n": 7165
    }
  }
}