{
  "gate": {
    "same_data_scale": {
      "gpt2|gpt2-xl": {
        "n": 3000,
        "median": 0.22326282411813736,
        "p90": 1.1600051860014597,
        "p99": 3.405307139855125,
        "max": 9.408111676573753,
        "p99_over_median": 15.252459308018247
      },
      "pythia-1.4b|pythia-410m": {
        "n": 3000,
        "median": 0.08525913622644216,
        "p90": 0.4249151477240955,
        "p99": 1.1653556226094555,
        "max": 3.4660382196307182,
        "p99_over_median": 13.66839583636356
      }
    },
    "different_data": {
      "gpt2|gemma-2-2b": {
        "n": 3000,
        "median": 0.629884403997234,
        "p90": 3.2422005703463213,
        "p99": 10.455311370859052,
        "max": 23.811088556051253,
        "p99_over_median": 16.598777973402505
      },
      "gpt2|pythia-1.4b": {
        "n": 3000,
        "median": 0.35525259701535106,
        "p90": 4.913375153243541,
        "p99": 11.504853721661435,
        "max": 25.26272026639672,
        "p99_over_median": 32.38499540416954
      },
      "qwen2.5-0.5b|gemma-2-2b": {
        "n": 3000,
        "median": 0.7009320720616314,
        "p90": 3.1816859977087,
        "p99": 8.383997374678273,
        "max": 11.657774659494558,
        "p99_over_median": 11.961212375428422
      }
    }
  },
  "gate_flat_gpt2xl": true,
  "diff_data_p99_min": 8.383997374678273,
  "model_map_stress": 0.028
}